앨범 명,아티스트,발매일자
"
사라지고 살아지고
","
달수빈
",2020.04.09
"
미안해
","
타루(Taru)
",2020.04.08
"
Silly Love Song
","
최정윤
",2020.04.09
"
<나는 트로트 가수다> Part10
","
Various Artists
",2020.04.09
"
Remember
","
WINNER
",2020.04.09
"
CRÈME
","
DeVita
",2020.04.09
"
<SCHOOL AGE> 떠 (Spring)
","
MCND
",2020.04.09
"
카페인 (Ka-Fa-In)
","
초코와 바닐라
",2020.04.09
"
God FameUs
","

산이(San E)


산이(San E)
 ",2020.04.09
"
ARTIST. Saula
","
어나니머스아티스트(Anonymous Artists)
",2020.04.09
"
어서와 OST Part.7
","
기현
",2020.04.09
"
GOAT ft.버벌진트
","
원슈타인
",2020.04.09
"
STAR WARS
","
차우주
",2020.04.09
"
넬라 판타지아
","
포레스텔라
",2020.04.09
"
일진에게 찍혔을 때2 OST
","
골든차일드
",2020.04.09
"
hi
","
hartts(하츠)
",2020.04.08
"
이 마음이 찾아오면
","
케이시
",2020.04.09
"
Since Day One
","
씰리붓(Silly boot)
",2020.04.09
"
SAVE ME
","
영헤르츠(Younghertz)
",2020.04.09
"
1
","
메이스원더
",2020.04.09
"
여전히 모르겠어요
","
시와(Siwa)
",2020.04.09
"
봄의 소리 왈츠 (Voices Of Spring)
","
로디(Lody)
",2020.04.09
"
Talkin to myself
","
YOBI
",2020.04.09
"
금사빠
","
타미즈(Tamiz)
",2020.04.09
"
영원하라 코리아
","
라산 (한라산)
",2020.04.09
"
숨은 조여왔어도
","
군호
",2020.04.09
"
MOMENT
","
CHILDDIAHN(차일디안)
",2020.04.09
"
Around Love
","
Around(어라운드)
",2020.04.09
"
거리엔
","
Sweet flow
",2020.04.09
"
Tone Project Vol.1 너를 본다
","
한결
",2020.04.09
"
도도어스 싱글 넘버 5 [체렌코프 이펙트]
","
도도어스(Dodous)
",2020.04.09
"
잊혀져가
","
용 프로젝트 사운드 (Yong Project Sound)
",2020.04.09
"
평행기억 = 2038년 오늘
","
리피트(Repeat)
",2020.04.09
"
Rob Ya
","
A-TEN(에이텐)
",2020.04.09
"
보고 싶은 밤
","
신예린
",2020.04.09
"
You Can Go
","
Colin Hook
",2020.04.09
"
Make The Most
","
Lonr.
",2020.04.03
"
Who Needs Love
","
Tory Lanez(토리 레인즈)
",2020.04.03
"
Knocked Me Off My Feet
","
Christian Lalama (크리스티안 라라마)
",2020.04.08
"
Maybe Another Time
","
Feng Suave
",2020.04.09
"
Born Like This
","

Melo


Melo
 ",2020.04.07
"
Hold You Tonight
","

Gryffin(그리핀)


Gryffin(그리핀)
 ",2020.04.07
"
Boys Ain't Shit
","
SAYGRACE
",2020.04.03
"
Trust
","
Ayelle
",2020.04.09
"
It Is What It Is
","
Thundercat(썬더캣)
",2020.04.09
"
Stay With Me
","
Abc Dialect
",2020.04.09
"
Chasing Waves
","

Twocolors


Twocolors
 ",2020.04.09
"
MY PERSONAS
","
신승훈
",2020.04.08
"
기도
","
릴보이(lIlBOI)
",2020.04.08
"
Boom Bang (ft. Asid)
","

아스터(ASTER)


아스터(ASTER)
 ",2020.04.08
"
길어 (feat. Paloalto)
","

맹근영


맹근영
 ",2020.04.08
"
마중 가는 길
","
이아립
",2020.04.08
"
혜원
","
조규찬
",2020.04.08
"
Bubble Up
","
Eian
",2020.04.07
"
DETOX
","
BILL STAX(빌스택스)
",2020.04.08
"
봄밤
","
임수연
",2020.04.08
"
첫눈에 반했을 때
","
훈스(Hoons)
",2020.04.08
"
그 남자의 기억법 OST Part.4
","
SURAN (수란)
",2020.04.08
"
In The Wild
","
송웨이고야(Songwaygoya)
",2020.04.08
"
Day & Night
","
DINT
",2020.04.08
"
Platonic Love
","
컨벌스(Convers)
",2020.04.08
"
Good Bye
","
태인(TAEIN)
",2020.04.08
"
새벽
","
현
",2020.04.08
"
이 작은 우주에서 어긋난 우리는
","
최보통
",2020.04.08
"
Back To You
","
292513
",2020.04.08
"
Luci vs Gang
","
Luci Gang
",2020.04.08
"
Old Me.
","
Mood.
",2020.04.08
"
유년
","
우주프로젝트
",2020.04.08
"
향수
","
DVWG(더그)
",2020.04.08
"
코로나 이겨낼거야
","

하동근


하동근
 ",2020.04.08
"
無花果(Fig)
","
Meimi Tamura(타무라 메이미/田村 芽実)
",2020.04.08
"
Lonely Star
","
Oh Wonder(오 원더)
",2020.04.03
"
You and Your Friends
","
Peach Pit(피치 핏)
",2020.04.03
"
Common Sense
","
Joshua Bassett
",2020.04.03
"
On My Conscience
","
Foley
",2020.04.08
"
Coming Of Age pt. 1
","
Maddie Medley
",2020.04.03
"
Fuck My Friends
","
Eddie Benjamin
",2020.04.03
"
Stand By Me (Tiësto Remix)
","
John Newman(존 뉴먼)
",2020.04.03
"
Mood
","
MARICELLE
",2020.04.08
"
LIFE IS WAVY
","
JP THE WAVY
",2020.04.08
"
No Rest... For The Blessed
","
Audio Push(오디오푸쉬)
",2020.04.08
"
Introspective
","
Gabriele D'Alonzo
",2020.04.08
"
Break Thru
","

VNX


VNX
 ",2020.04.08
"
Complicated
","

Maciel


Maciel
 ",2020.04.08
"
Like a
","
bobae
",2020.04.08
"
때묻은 시 프로젝트 첫번째
","
김진호
",2020.04.08
"
돈 안되는 음악
","
루달스 (Rudals)
",2020.04.08
"
Mellow
","
Brick(브릭)
",2020.04.08
"
어서와 OST Part.6
","
모트(Motte)
",2020.04.08
"
If there was not a breath of wind
","
헤이즈 문(Haze Moon)
",2020.04.08
"
계절에 흘려보내
","
이민규
",2020.04.07
"
XX
","
Glue
",2020.04.08
"
너와, 제주
","
조제(Joje)
",2020.04.08
"
햇살이 이렇게 좋은 적 있나요
","
한경일
",2020.04.08
"
조선주먹 OST PART2
","
한승희
",2020.04.08
"
전하지 못한 말
","
김대연
",2020.04.08
"
REWIND
","
정민
",2020.04.06
"
STELLA I
","
스텔라 장(Stella Jang)
",2020.04.07
"
또 다시 벚꽃 흩날려온다
","
더 라임
",2020.04.07
"
연분홍
","
릴리(Lily)
",2020.04.07
"
cignature debut lead single B ‘ASSA’
","
시그니처 (cignature)
",2020.04.07
"
흥과 뽕 : 뽕 Part
","
하회와 모아이(HAHOE X MOAI)
",2020.04.07
"
출국
","
oceanfromtheblue
",2020.04.07
"
외딴 별과 위성
","
경제환
",2020.04.07
"
Of Course I Love You
","
CIKI
",2020.04.07
"
저기요
","
건호(KunHo)
",2020.04.07
"
계약우정 OST Part.2
","
나플라(nafla)
",2020.04.07
"
UFO
","
Chaboom(차붐)
",2020.04.07
"
Wednesday
","
#Gun
",2020.04.07
"
선을 넘어가
","
세븐 스트릿(7th Street)
",2020.04.06
"
그때 그 날들
","
신문수밴드
",2020.04.07
"
Stuck In California
","
RUMEXX & KEEGO
",2020.04.07
"
황성진 프로젝트 Secondary words Vol.3
","
황성진
",2020.04.07
"
우화 (雨花)
","
성국
",2020.04.07
"
위로
","
슬아
",2020.04.07
"
Mood
","
Jade
",2020.04.07
"
Hope
","
divin'
",2020.04.07
"
BENZTRUCKGOFAST
","
Suwoncityboy
",2020.04.07
"
Raw
","
taessl
",2020.04.07
"
쉼표
","
레트로시티
",2020.04.07
"
Pub On The Ground
","
오다온 (OHDA5N)
",2020.04.07
"
나의 연인에게
","
염요섭
",2020.04.07
"
출발점과 다르지 않은 도착점에 서서
","
푸른날 프로젝트
",2020.04.07
"
Boy
","
SEMIN (세민)
",2020.04.07
"
All Day Long
","
우팍(WooPark)
",2020.04.07
"
이별표정
","
Bahn
",2020.04.07
"
inner confusion
","
Morinote(모리노트)
",2020.04.07
"
KIKI
","
Kiana Lede
",2020.04.03
"
comme Des Garçons (like The Boys)
","
Isaac Dunbar
",2020.04.03
"
Over Yet
","
Hayley Williams(헤일리 윌리엄스)
",2020.04.03
"
Pull Me Back In
","
Josh Kumra(조쉬 크므라)
",2020.04.07
"
MESS
","
Jasmine Sokko
",2020.04.03
"
Tycoon
","
Future(퓨처)
",2020.04.02
"
Do It
","
Toni Braxton(토니 브랙스톤)
",2020.04.06
"
Homesick
","
Avec(아베크)
",2020.04.07
"
These Old Streets
","
Dylan Rockoff
",2020.04.07
"
You'll Be There
","
ØZKAR
",2020.04.07
"
걷고있어
","
이윤하
",2020.04.07
"
지고 있는 건 노을이에요, 그대가 아니잖아요.
","
안녕하신가영
",2020.04.06
"
Somber
","

DONO


DONO
 ",2020.04.06
"
Chocolate - The 1st Mini Album
","
최강창민(MAX)
",2020.04.06
"
I trust
","
(여자)아이들
",2020.04.06
"
찌질이
","
혀비 (Hyu.B)
",2020.04.06
"
반의반 OST Part 2
","
일레인
",2020.04.06
"
Eyes On You
","
Wynn
",2020.04.06
"
나만 빼고 봄
","
달빛정원
",2020.04.06
"
ASIAN BOI ON THE TRIPPY STAGE
","
Festy Wxs
",2020.04.06
"
바이러스 클럽
","
안치환
",2020.04.06
"
le cadeau pour toi (그대를 위한 선물)
","
혜은이
",2020.04.06
"
Somewhere In Between
","
케니더킹(kennytheking)
",2020.04.06
"
양아치 (Yang-Ah-Chi)
","

수퍼비


수퍼비
 ",2020.04.06
"
백설공주
","
임은하수
",2020.04.06
"
Wherever You Go
","
Mac9(맥나인)
",2020.04.06
"
남들 다하는 연애
","
로맨틱멜로디초비
",2020.04.06
"
미안해 잘해주지 못해서
","
김의중
",2020.04.06
"
아무도 모른다 OST Part.5
","
SE O(세오)
",2020.04.06
"
그대 가슴에 작은 시를
","
영동시장
",2020.04.06
"
계약우정 OST Part.1
","
주예인
",2020.04.06
"
한강수 타령, 그리움을 담다
","
루리(Luli)
",2020.04.06
"
Change
","

플리겐


플리겐
 ",2020.04.06
"
바로 우리가
","
METP(멧피)
",2020.04.06
"
코 끝에 시린
","
Tropopause(트로포포즈)
",2020.04.06
"
너의 마음속엔 우린 느껴지지 않아
","
kursor(커서)
",2020.04.06
"
손님온다 (Dance Ver.)
","
윤수현
",2020.04.06
"
바나나차차 어쿠스틱
","
새벽공방
",2020.04.06
"
Half Moon
","
루키(Looky)
",2020.04.06
"
spare
","
대빗
",2020.04.06
"
길
","
JIN
",2020.04.06
"
개복치
","
Swadi
",2020.04.06
"
Connect 1
","
이음
",2020.04.06
"
Goodnight
","
별단(BYULDAN)
",2020.04.06
"
찬실이는 복도 많지 OST
","
이희문
",2020.04.06
"
날씨가 좋으면 찾아가겠어요 OST Part.5
","
기련
",2020.04.06
"
Wake Me When It's Over
","
Faouzia
",2020.04.02
"
BUBBLE
","
Ant Saunders
",2020.04.03
"
I Choose (From The Netflix Original Film The Willoughbys)
","
Alessia Cara(알레시아 카라)
",2020.04.03
"
Blinded
","
Fern.
",2020.04.06
"
Heart-Shaped Box
","
Amber Mark(앰버 마크)
",2020.04.01
"
Wake Up, Sunshine
","
All Time Low(올 타임 로우)
",2020.04.03
"
Out The Blue
","
Kennyon Brown
",2020.04.06
"
Templos Y Neones
","
Band A Part(밴드 어 파트)
",2020.04.06
"
Tchaikovsky: Symphony No. 5, Op. 64
","
Guido Cantelli(구이도 칸텔리)
",2020.04.01
"
Love Me
","
Candy Clvb
",2020.04.06
"
Stay
","

Kaan Pars


Kaan Pars
 ",2020.04.06
"
Before the sunrise
","
프리든(FR:EDEN)
",2020.04.05
"
미안해 (Feat. ADDNINE)
","
시즈더데이(seizetheday)
",2020.04.05
"
Why do u say
","
Way Ched(웨이체드)
",2020.04.05
"
Natural
","

Dopein


Dopein
 ",2020.04.05
"
햇살 좋은 봄날에
","
유성
",2020.04.05
"
노빠꾸!!!
","
스웨이디(Sway D)
",2020.04.05
"
이제서야
","

그루비(Gru:vi)


그루비(Gru:vi)
 ",2020.04.05
"
SMILE
","
KURO
",2020.04.05
"
꽃길만 걸어요 OST Part.32
","
권민제(Kwon Min Je)
",2020.04.05
"
Planet
","
$AN
",2020.04.05
"
우리의 잘못을
","
오희정
",2020.04.05
"
기획전 2020 : 김승현X제온(4月)
","

김승현(kimSeUng hYun)


김승현(kimSeUng hYun)
 ",2020.04.05
"
위로
","
헤이데이(HEYDAY)
",2020.04.05
"
Otherside
","
박태원
",2020.04.05
"
한월 Vol.3
","
한뉘(HNNU)
",2020.04.05
"
봄은 어딜까
","
서영은
",2020.04.03
"
놀면 뭐하니? 방구석 콘서트
","
처진 달팽이(유재석 & 이적)
",2020.04.04
"
JIGAP
","
GI$T (윤현선)
",2020.04.04
"
피어나
","
NeD(네드)
",2020.04.04
"
<불후의 명곡 – 전설을 노래하다> - 주현미 편 1부
","
Various Artists
",2020.04.04
"
날이 좋아서 (Prod. 더필름)
","
정동원
",2020.04.04
"
두려워
","

이도이(Doyi Lee)


이도이(Doyi Lee)
 ",2020.04.04
"
니 말이면 다 믿을게
","
캔도(CANDO)
",2020.04.04
"
오늘같이
","
박데포 (Parkdepo)
",2020.04.04
"
악의 평범성
","
UZA(우자)
",2020.04.04
"
Flame Blossom
","

BIGONE (빅원)


BIGONE (빅원)
 ",2020.04.04
