순위,책 명,가격,저자 및 출판사
1,흔한남매 4,"10,800원","
흔한남매 원저/백난도 글/유난희 그림/샌드박스 네트워크 감수  
                
                
                    | 미래엔아이세움
                
                    | 2020년 03월
                 
            "
2,더 해빙 The Having,"14,400원","
이서윤,홍주연 저  
                
                
                    | 수오서재
                
                    | 2020년 03월
                 
            "
3,설민석의 한국사 대모험 13,"10,800원","
설민석,스토리박스 글/정현희 그림/태건 역사 연구소 감수  
                
                
                    | 아이휴먼
                
                    | 2020년 03월
                 
            "
4,2020 제11회 젊은작가상 수상작품집,"4,950원","
강화길,최은영,김봉곤,김초엽,장류진,장희원,이현석 저  
                
                
                    | 문학동네
                
                    | 2020년 04월
                 
            "
5,데일 카네기 인간관계론,"10,350원","
데일 카네기 저/임상훈 역  
                
                
                    | 현대지성
                
                    | 2019년 10월
                 
            "
6,날씨가 좋으면 찾아가겠어요,"12,420원","
이도우 저  
                
                
                    | 시공사
                
                    | 2020년 02월
                 
            "
7,메타인지 학습법,"13,500원","
리사 손 저  
                
                
                    | 21세기북스
                
                    | 2019년 06월
                 
            "
8,페스트,"11,700원","
알베르 까뮈 저/김화영 역  
                
                
                    | 민음사
                
                    | 2011년 03월
                 
            "
9,당신이 옳다,"14,220원","
정혜신 저  
                
                
                    | 해냄
                
                    | 2018년 10월
                 
            "
10,설민석의 세계사 대모험 5,"10,800원","
설민석,잼스토리 글/박성일 그림  
                
                
                    | 단꿈아이
                
                    | 2020년 04월
                 
            "
11,존리의 부자되기 습관,"13,500원","
존 리 저  
                
                
                    | 지식노마드
                
                    | 2020년 01월
                 
            "
12,타인의 해석,"16,650원","
말콤 글래드웰 저/유강은 역/김경일 감수  
                
                
                    | 김영사
                
                    | 2020년 03월
                 
            "
13,1cm 다이빙,"12,150원","
태수,문정 저  
                
                
                    | 피카(FIKA)
                
                    | 2020년 01월
                 
            "
14,밤은 이야기하기 좋은 시간이니까요,"13,500원","
이도우 저  
                
                
                    | 위즈덤하우스
                
                    | 2020년 03월
                 
            "
15,지적 대화를 위한 넓고 얕은 지식 제로,"17,820원","
채사장 저  
                
                
                    | 웨일북
                
                    | 2019년 12월
                 
            "
16,"1일 1페이지, 세상에서 가장 짧은 교양 수업 365","14,400원","
데이비드 S. 키더,노아 D. 오펜하임 저/허성심 역  
                
                
                    | 위즈덤하우스
                
                    | 2019년 10월
                 
            "
17,아이가 잘먹는 유아식 123,"3,240원","
채남수 저  
                
                
                    | 경향비피
                
                    | 2014년 06월
                 
            "
18,내가 원하는 것을 나도 모를 때,"14,400원","
전승환 저  
                
                
                    | 다산초당
                
                    | 2020년 01월
                 
            "
19,재무제표 모르면 주식투자 절대로 하지마라,"17,820원","
사경인 저  
                
                
                    | 베가북스
                
                    | 2020년 01월
                 
            "
20,하버드 상위 1퍼센트의 비밀 (리커버 에디션),"14,400원","
정주영 저  
                
                
                    | 한국경제신문사(한경비피)
                
                    | 2018년 10월
                 
            "
21,"[예약판매] 펭수, 디 오리지널","16,200원","
EBS 저  
                
                
                    | 한국교육방송공사
                
                    | 2020년 04월
                 
            "
22,내일의 부 1 : 알파편,"14,400원","
김장섭 저  
                
                
                    | 트러스트북스
                
                    | 2020년 01월
                 
            "
23,코스모스,"16,650원","
칼 세이건 저/홍승수 역  
                
                
                    | 사이언스북스
                
                    | 2006년 12월
                 
            "
24,이 한마디가 나를 살렸다,"14,400원","
김미경 저  
                
                
                    | 21세기북스
                
                    | 2020년 03월
                 
            "
25,Go Go 카카오프렌즈 13,"10,800원","
김미영 글/김정한 그림  
                
                
                    | 아울북
                
                    | 2020년 03월
                 
            "
26,사서함 110호의 우편물 ,"11,700원","
이도우 저  
                
                
                    | 시공사
                
                    | 2016년 03월
                 
            "
27,녹나무의 파수꾼,"16,020원","
히가시노 게이고 저/양윤옥 역  
                
                
                    | 소미미디어
                
                    | 2020년 03월
                 
            "
28,주식투자 무작정 따라하기,"16,200원","
윤재수 저  
                
                
                    | 길벗
                
                    | 2020년 01월
                 
            "
29,흔한남매 안 흔한 일기 1,"10,800원","
흔한남매 원저/강효미 글/조병주 그림/샌드박스 네트워크 감수  
                
                
                    | 미래엔아이세움
                
                    | 2020년 02월
                 
            "
30,해커스 토익 기출 보카,"11,610원","
데이비드 조 저  
                
                
                    | 해커스어학연구소
                
                    | 2019년 01월
                 
            "
31,하체 밸런스 스트레칭,"13,950원","
다카하시 유키 저/조은아 역  
                
                
                    | 포레스트북스
                
                    | 2019년 03월
                 
            "
32,내일의 부 2 : 오메가편,"14,400원","
김장섭 저  
                
                
                    | 트러스트북스
                
                    | 2020년 01월
                 
            "
33,설민석의 삼국지 1,"19,800원","
설민석 저  
                
                
                    | 세계사
                
                    | 2019년 07월
                 
            "
34,알사탕,"10,800원","
백희나 글그림  
                
                
                    | 책읽는곰
                
                    | 2017년 03월
                 
            "
35,이상한 과자 가게 전천당 5,"10,800원","
히로시마 레이코 글/쟈쟈 그림/김정화 역  
                
                
                    | 길벗스쿨
                
                    | 2020년 03월
                 
            "
36,수상한 화장실,"10,350원","
박현숙 글/유영주 그림  
                
                
                    | 북멘토
                
                    | 2020년 03월
                 
            "
37,"총, 균, 쇠","25,200원","
재레드 다이아몬드 저/김진준 역  
                
                
                    | 문학사상
                
                    | 2005년 12월
                 
            "
38,고양이 해결사 깜냥 1 ,"9,900원","
홍민정 글/김재희 그림  
                
                
                    | 창비
                
                    | 2020년 03월
                 
            "
39,설민석의 삼국지 2,"19,800원","
설민석 저  
                
                
                    | 세계사
                
                    | 2019년 08월
                 
            "
40,이상한 과자 가게 전천당 1,"10,800원","
히로시마 레이코 글/쟈쟈 그림/김정화 역  
                
                
                    | 길벗스쿨
                
                    | 2019년 07월
                 
            "
41,이상한 과자 가게 전천당 6,"10,800원","
히로시마 레이코 글/쟈쟈 그림/김정화 역  
                
                
                    | 길벗스쿨
                
                    | 2020년 03월
                 
            "
42,흔한남매 3,"10,800원","
흔한남매 원저/백난도 글/유난희 그림/샌드박스 네트워크 감수  
                
                
                    | 미래엔아이세움
                
                    | 2020년 01월
                 
            "
43,지적 대화를 위한 넓고 얕은 지식 1,"14,400원","
채사장 저  
                
                
                    | 웨일북
                
                    | 2020년 02월
                 
            "
44,아몬드,"10,800원","
손원평 저  
                
                
                    | 창비
                
                    | 2017년 03월
                 
            "
45,설민석의 조선왕조실록,"19,800원","
설민석 저  
                
                
                    | 세계사
                
                    | 2016년 07월
                 
            "
46,팩트풀니스,"17,820원","
한스 로슬링,올라 로슬링,안나 로슬링 뢴룬드 공저/이창신 역  
                
                
                    | 김영사
                
                    | 2019년 03월
                 
            "
47,푸른 사자 와니니,"9,720원","
이현 글/오윤화 그림  
                
                
                    | 창비
                
                    | 2015년 06월
                 
            "
48,사피엔스,"19,800원","
유발 하라리 저/조현욱 역  
                
                
                    | 김영사
                
                    | 2015년 11월
                 
            "
49,부자 아빠 가난한 아빠 20주년 특별 기념판,"14,220원","
로버트 기요사키 저/안진환 역  
                
                
                    | 민음인
                
                    | 2018년 02월
                 
            "
50,역시 내 청춘 러브코메디는 잘못됐다 14,"8,100원","
와타리 와타루 저/퐁칸 ⑧ 그림/박정원 역  
                
                
                    | 디앤씨미디어(D&C미디어)
                
                    | 2020년 04월
                 
            "
51,호밀밭의 파수꾼,"7,200원","
제롬 데이비드 샐린저 저/공경희 역  
                
                
                    | 민음사
                
                    | 2001년 05월
                 
            "
52,설민석의 한국사 대모험 12,"10,800원","
설민석,스토리박스 글/정현희 그림/태건 역사 연구소 감수  
                
                
                    | 아이휴먼
                
                    | 2019년 12월
                 
            "
53,만복이네 떡집,"7,650원","
김리리 글/이승현 그림  
                
                
                    | 비룡소
                
                    | 2010년 05월
                 
            "
54,초등 만화 영문법,"10,080원","
유원호 글 / 김준희 그림  
                
                
                    | 넥서스
                
                    | 2017년 01월
                 
            "
55,펭아트 #페이퍼토이북,"16,200원","
차니(심희찬) 저  
                
                
                    | 한국교육방송공사
                
                    | 2020년 02월
                 
            "
56,공부머리 독서법,"14,850원","
최승필 저  
                
                
                    | 책구루
                
                    | 2018년 05월
                 
            "
57,구름빵 ,"11,700원","
백희나 저  
                
                
                    | 한솔수북
                
                    | 2019년 12월
                 
            "
58,나는 나로 살기로 했다,"12,420원","
김수현 저  
                
                
                    | 마음의숲
                
                    | 2016년 11월
                 
            "
59,신친일파,"16,200원","
호사카 유지 저  
                
                
                    | 봄이아트북스
                
                    | 2020년 03월
                 
            "
60,설민석의 세계사 대모험 4,"10,800원","
설민석 저/잼스토리 글/박성일 그림  
                
                
                    | 단꿈아이
                
                    | 2020년 01월
                 
            "
61,큰별쌤 최태성의 별★별 한국사 한국사능력검정시험 심화 (상),"13,050원","
최태성 저  
                
                
                    | 이투스북 
                
                    | 2019년 12월
                 
            "
62,[예약판매] 펭아트 #컬러링북,"16,200원","
한결 저  
                
                
                    | 한국교육방송공사
                
                    | 2020년 04월
                 
            "
63,이상한 과자 가게 전천당 2,"10,800원","
히로시마 레이코 글/쟈쟈 그림/김정화 역  
                
                
                    | 길벗스쿨
                
                    | 2019년 07월
                 
            "
64,스무고개 탐정 12 독버섯과 박쥐 ,"9,000원","
허교범 글/고상미 그림  
                
                
                    | 비룡소
                
                    | 2020년 04월
                 
            "
65,경제기사 궁금증 300문 300답,"17,820원","
곽해선 저  
                
                
                    | 혜다
                
                    | 2019년 12월
                 
            "
66,그리스 로마 신화 16,"10,800원","
박시연 글/최우빈 그림/김헌 감수  
                
                
                    | 아울북
                
                    | 2020년 04월
                 
            "
67,말투를 바꿨더니 아이가 공부를 시작합니다  ,"13,320원","
정재영,이서진 저  
                
                
                    | 알에이치코리아(RHK)
                
                    | 2020년 03월
                 
            "
68,하루 3줄 초등 글쓰기의 기적,"13,050원","
윤희솔 저  
                
                
                    | 청림Life
                
                    | 2020년 02월
                 
            "
69,내 인생 구하기,"14,400원","
개리 비숍 저/이지연 역  
                
                
                    | 웅진지식하우스
                
                    | 2020년 03월
                 
            "
70,시간을 파는 상점,"9,900원","
김선영 저  
                
                
                    | 자음과모음
                
                    | 2012년 04월
                 
            "
71,움직임의 힘,"16,920원","
켈리 맥고니걸 저/박미경 역  
                
                
                    | 안드로메디안
                
                    | 2020년 04월
                 
            "
72,아홉 살 마음 사전,"9,900원","
박성우 글/김효은 그림  
                
                
                    | 창비
                
                    | 2017년 03월
                 
            "
73,이상한 엄마,"10,800원","
백희나 글그림  
                
                
                    | 책읽는곰
                
                    | 2016년 03월
                 
            "
74,2020 선재국어 나침판 실전 모의고사 vol.2,"18,900원","
이선재,선재국어연구소 편저  
                
                
                    | 에스티유니타스
                
                    | 2020년 04월
                 
            "
75,사람은 어떻게 생각하고 배우고 기억하는가,"15,300원","
제레드 쿠니 호바스 저/김나연 역  
                
                
                    | 토네이도
                
                    | 2020년 03월
                 
            "
76,이상한 과자 가게 전천당 3,"10,800원","
히로시마 레이코 글/쟈쟈 그림/김정화 역  
                
                
                    | 길벗스쿨
                
                    | 2019년 11월
                 
            "
77,작은 아씨들,"14,850원","
루이자 메이 올콧 저/강미경 역  
                
                
                    | 알에이치코리아(RHK)
                
                    | 2020년 02월
                 
            "
78,장수탕 선녀님,"9,900원","
백희나 저  
                
                
                    | 책읽는곰
                
                    | 2012년 08월
                 
            "
79,에이트,"15,300원","
이지성 저  
                
                
                    | 차이정원
                
                    | 2019년 10월
                 
            "
80,추리 천재 엉덩이 탐정 9,"10,800원","
트롤 글그림/김정화 역  
                
                
                    | 미래엔아이세움
                
                    | 2020년 01월
                 
            "
81,선물주는산타의 주식투자 시크릿,"14,400원","
선물주는산타 저  
                
                
                    | 비즈니스북스
                
                    | 2020년 04월
                 
            "
82,나는 개다,"11,700원","
백희나 글그림  
                
                
                    | 책읽는곰
                
                    | 2019년 04월
                 
            "
83,큰별쌤 최태성의 별★별 한국사 한국사능력검정시험 심화 (하),"13,050원","
최태성 저  
                
                
                    | 이투스북 
                
                    | 2020년 01월
                 
            "
84,우리가 빛의 속도로 갈 수 없다면,"12,600원","
김초엽 저  
                
                
                    | 허블
                
                    | 2019년 06월
                 
            "
85,원피스 ONE PIECE 95,"4,500원","
오다 에이이치로 글그림  
                
                
                    | 대원
                
                    | 2020년 03월
                 
            "
86,"입시설계, 초등부터 시작하라","14,400원","
진동섭 저  
                
                
                    | 포르체
                
                    | 2020년 04월
                 
            "
87,우리가 인생이라 부르는 것들,"14,400원","
정재찬 저  
                
                
                    | 인플루엔셜
                
                    | 2020년 02월
                 
            "
88,이상한 과자 가게 전천당 4,"10,800원","
히로시마 레이코 글/쟈쟈 그림/김정화 역  
                
                
                    | 길벗스쿨
                
                    | 2019년 11월
                 
            "
89,초판본 데미안,"10,800원","
헤르만 헤세 저/이순학 역  
                
                
                    | 더스토리
                
                    | 2017년 10월
                 
            "
90,"하루 5분, 엄마의 언어 자극 ","13,500원","
장재진 저  
                
                
                    | 카시오페아
                
                    | 2020년 02월
                 
            "
91,당신의 삶에 명상이 필요할 때,"14,850원","
앤디 퍼디컴 저/안진환 역  
                
                
                    | 스노우폭스북스
                
                    | 2020년 03월
                 
            "
92,해커스 토익 READING 리딩 RC,"16,920원","
데이비드 조 저  
                
                
                    | 해커스어학연구소
                
                    | 2020년 01월
                 
            "
93,푸른 사자 와니니 2,"9,720원","
이현 글/오윤화 그림  
                
                
                    | 창비
                
                    | 2019년 08월
                 
            "
94,한밤중 달빛 식당,"8,550원","
이분희 글/윤태규 그림  
                
                
                    | 비룡소
                
                    | 2018년 03월
                 
            "
95,여행의 이유,"12,150원","
김영하 저  
                
                
                    | 문학동네
                
                    | 2019년 04월
                 
            "
96,이게 정말 마음일까?,"11,700원","
요시타케 신스케 글그림/양지연 역  
                
                
                    | 주니어김영사
                
                    | 2020년 02월
                 
            "
97,체리새우 : 비밀글입니다 ,"10,350원","
황영미 저  
                
                
                    | 문학동네
                
                    | 2019년 01월
                 
            "
98,적당히 육아법,"15,120원","
하세가와 와카 저/황미숙 역  
                
                
                    | 웅진리빙하우스
                
                    | 2020년 03월
                 
            "
99,아주 작은 습관의 힘,"14,400원","
제임스 클리어 저/이한이 역  
                
                
                    | 비즈니스북스
                
                    | 2019년 02월
                 
            "
100,부의 추월차선,"13,500원","
엠제이 드마코 저/신소영 역  
                
                
                    | 토트출판사
                
                    | 2013년 08월
                 
            "
101,나는 인생에서 중요한 것만 남기기로 했다,"13,500원","
에리카 라인 저/이미숙 역  
                
                
                    | 갤리온
                
                    | 2020년 03월
                 
            "
102,설민석의 한국사 대모험 1,"8,820원","
설민석 글  
                
                
                    | 아이휴먼
                
                    | 2017년 01월
                 
            "
103,페인트,"10,800원","
이희영 저  
                
                
                    | 창비
                
                    | 2019년 04월
                 
            "
104,스스로 행복하라,"10,800원","
법정 저  
                
                
                    | 샘터
                
                    | 2020년 01월
                 
            "
105,페이크,"16,200원","
로버트 기요사키 저/박슬라 역  
                
                
                    | 민음인
                
                    | 2019년 07월
                 
            "
106,ETS 토익 정기시험 기출문제집 1000 Vol.2 READING 리딩,"16,020원","
ETS 저  
                
                
                    | YBM(와이비엠)
                
                    | 2019년 12월
                 
            "
107,제법 안온한 날들,"13,500원","
남궁인 저  
                
                
                    | 문학동네
                
                    | 2020년 03월
                 
            "
108,수학의 쓸모,"19,800원","
닉 폴슨,제임스 스콧 저/노태복 역  
                
                
                    | 더퀘스트
                
                    | 2020년 04월
                 
            "
109,ETS 토익 정기시험 기출문제집 1000 Vol.2 LISTENING 리스닝,"16,020원","
ETS 저  
                
                
                    | YBM(와이비엠)
                
                    | 2019년 12월
                 
            "
110,한중록,"13,500원","
혜경궁 홍씨 저 / 정병설 역  
                
                
                    | 문학동네
                
                    | 2010년 08월
                 
            "
111,지적 대화를 위한 넓고 얕은 지식 2,"14,400원","
채사장 저  
                
                
                    | 웨일북
                
                    | 2020년 02월
                 
            "
112,코드네임 J,"10,800원","
강경수 글그림  
                
                
                    | 시공주니어
                
                    | 2020년 03월
                 
            "
113,이기적 유전자 The Selfish Gene,"18,000원","
리처드 도킨스 저/홍영남,이상임 역  
                
                
                    | 을유문화사
                
                    | 2018년 10월
                 
            "
114,꽃을 보듯 너를 본다,"9,000원","
나태주 저  
                
                
                    | 지혜
                
                    | 2015년 06월
                 
            "
115,명리심리학,"14,400원","
양창순 저  
                
                
                    | 다산북스
                
                    | 2020년 02월
                 
            "
116,호밀밭의 파수꾼,"9,000원","
제롬 데이비드 샐린저 저/공경희 역  
                
                
                    | 민음사
                
                    | 2019년 06월
                 
            "
117,아이디어 불패의 법칙,"17,820원","
알베르토 사보이아 저/이지연 역  
                
                
                    | 인플루엔셜
                
                    | 2020년 03월
                 
            "
118,나의 월급 독립 프로젝트,"16,200원","
유목민 저  
                
                
                    | 리더스북
                
                    | 2019년 04월
                 
            "
119,시작의 기술,"14,400원","
개리 비숍 저/이지연 역  
                
                
                    | 웅진지식하우스
                
                    | 2019년 04월
                 
            "
120,아이를 위한 하루 한 줄 인문학,"13,050원","
김종원 저  
                
                
                    | 청림Life
                
                    | 2018년 12월
                 
            "
121,이상한 손님,"10,800원","
백희나 글그림  
                
                
                    | 책읽는곰
                
                    | 2018년 03월
                 
            "
122,설민석의 한국사 대모험 2,"9,450원","
설민석 글  
                
                
                    | 아이휴먼
                
                    | 2017년 02월
                 
            "
123,설민석의 한국사 대모험 11,"10,800원","
스토리박스,설민석 글/정현희 그림/태건 역사 연구소 감수  
                
                
                    | 아이휴먼
                
                    | 2019년 08월
                 
            "
124,코스모스 : 가능한 세계들,"19,800원","
앤 드루얀 저/김명남 역  
                
                
                    | 사이언스북스
                
                    | 2020년 03월
                 
            "
125,초등학생을 위한 나의 라임 오렌지나무,"9,000원","
J.M. 바스콘셀로스 저/최수연 그림/박동원 역  
                
                
                    | 동녘
                
                    | 2014년 02월
                 
            "
126,흔한남매 1,"9,900원","
흔한남매 원저/백난도 글/유난희 그림/샌드박스 네트워크 감수  
                
                
                    | 미래엔아이세움
                
                    | 2019년 06월
                 
            "
127,쇼핑은 투표보다 중요하다,"13,500원","
강준만 저  
                
                
                    | 인물과사상사
                
                    | 2020년 04월
                 
            "
128,꽝 없는 뽑기 기계,"9,000원","
곽유진 글/차상미 그림  
                
                
                    | 비룡소
                
                    | 2020년 03월
                 
            "
129,놓지 마 과학! 13,"10,800원","
신태훈 글/나승훈 그림/류진숙 감수  
                
                
                    | 위즈덤하우스
                
                    | 2020년 02월
                 
            "
130,달 샤베트,"10,800원","
백희나 저  
                
                
                    | 책읽는곰
                
                    | 2014년 05월
                 
            "
131,선량한 차별주의자,"13,500원","
김지혜 저  
                
                
                    | 창비
                
                    | 2019년 07월
                 
            "
132,흔한남매 2,"9,900원","
흔한남매 원저/백난도 글/유난희 그림/샌드박스 네트워크 감수  
                
                
                    | 미래엔아이세움
                
                    | 2019년 09월
                 
            "
133,나미야 잡화점의 기적,"13,320원","
히가시노 게이고 저/양윤옥 역  
                
                
                    | 현대문학
                
                    | 2012년 12월
                 
            "
134,더 위험한 과학책,"19,800원","
랜들 먼로 저/이강환 역  
                
                
                    | 시공사
                
                    | 2020년 01월
                 
            "
135,설민석의 세계사 대모험 3 ,"10,800원","
잼스토리,설민석 글/박성일 그림  
                
                
                    | 단꿈아이
                
                    | 2019년 09월
                 
            "
136,"엄마, 주식 사주세요","12,600원","
존 리 저  
                
                
                    | 한국경제신문사(한경비피)
                
                    | 2016년 06월
                 
            "
137,"알로하, 나의 엄마들","13,320원","
이금이 저  
                
                
                    | 창비
                
                    | 2020년 03월
                 
            "
138,부자의 언어,"15,120원","
존 소포릭 저/이한이 역  
                
                
                    | 윌북(willbook)
                
                    | 2020년 03월
                 
            "
139,서울 아파트 지도,"16,200원","
이재범(핑크팬더) 저  
                
                
                    | 리더스북
                
                    | 2020년 04월
                 
            "
140,말센스 ,"13,050원","
셀레스트 헤들리 저/김성환 역  
                
                
                    | 스몰빅라이프
                
                    | 2019년 02월
                 
            "
141,데미안,"7,200원","
헤르만 헤세 저/전영애 역  
                
                
                    | 민음사
                
                    | 2000년 12월
                 
            "
142,해커스 토익 LISTENING 리스닝 LC,"16,920원","
데이비드 조 저  
                
                
                    | 해커스어학연구소
                
                    | 2020년 01월
                 
            "
143,아내를 모자로 착각한 남자,"16,650원","
올리버 색스 저  
                
                
                    | 알마
                
                    | 2016년 08월
                 
            "
144,잘못 뽑은 반장,"8,010원","
이은재 글/서영경 그림  
                
                
                    | 주니어김영사
                
                    | 2009년 05월
                 
            "
145,마음에도 옷이 필요해 마음 추운 날 마음코트 ,"13,500원","
권영애 저  
                
                
                    | 아이스크림(i-Scream)
                
                    | 2020년 04월
                 
            "
146,갈매기에게 나는 법을 가르쳐준 고양이,"8,820원","
루이스 세뿔베다 글 / 유왕무 역 / 이억배 그림  
                
                
                    | 바다출판사
                
                    | 2015년 04월
                 
            "
147,언어의 온도,"12,420원","
이기주 저  
                
                
                    | 말글터
                
                    | 2016년 08월
                 
            "
148,유 미 에브리싱,"14,220원","
캐서린 아이작 저/노진선 역  
                
                
                    | 마시멜로
                
                    | 2020년 03월
                 
            "
149,5년 후 나에게 Q&A a day (2020 로즈골드 특별 한정판),"15,120원","
포터 스타일 저/정지현 역  
                
                
                    | 토네이도
                
                    | 2018년 11월
                 
            "
150,오늘 밤은 굶고 자야지,"12,150원","
박상영 저/윤수훈 일러스트  
                
                
                    | 한겨레출판
                
                    | 2020년 03월
                 
            "
151,[예스리커버] 불량한 자전거 여행 ,"9,720원","
김남중 저/허태준 그림  
                
                
                    | 창비
                
                    | 2009년 07월
                 
            "
152,설민석의 세계사 대모험 2,"10,800원","
잼스토리,설민석 글/박성일 그림  
                
                
                    | 단꿈아이
                
                    | 2019년 07월
                 
            "
153,기적의 암기법,"14,400원","
정계원 저  
                
                
                    | 유노북스
                
                    | 2020년 03월
                 
            "
154,앞으로 3년 경제전쟁의 미래,"16,200원","
오건영 저  
                
                
                    | 지식노마드
                
                    | 2019년 08월
                 
            "
155,전설로 떠나는 월가의 영웅,"20,700원","
피터 린치,존 로스차일드 저/이건 역  
                
                
                    | 국일증권경제연구소
                
                    | 2017년 04월
                 
            "
156,마음에 불을,"13,500원","
정회일 저  
                
                
                    | 열아홉
                
                    | 2020년 03월
                 
            "
157,열두 살에 부자가 된 키라,"11,700원","
보도 섀퍼 글/원유미 그림  
                
                
                    | 을파소(21세기북스)
                
                    | 2014년 10월
                 
            "
158,정의란 무엇인가,"13,500원","
마이클 샌델 저/김명철 역/김선욱 감수  
                
                
                    | 와이즈베리
                
                    | 2014년 11월
                 
            "
159,사장을 위한 MBA 필독서 50,"17,820원","
나가이 다카히사 저/김정환 역  
                
                
                    | 센시오
                
                    | 2020년 03월
                 
            "
160,117층 나무 집,"10,800원","
앤디 그리피스 글/테리 덴톤 그림/신수진 역  
                
                
                    | 시공주니어
                
                    | 2020년 01월
                 
            "
161,정재승의 인간탐구보고서 2,"12,600원","
이고은,정재은 글/김현민 그림/정재승 기획  
                
                
                    | 아울북
                
                    | 2019년 12월
                 
            "
162,타이탄의 도구들 (리커버 에디션),"13,500원","
팀 페리스 저/박선령,정지현 역  
                
                
                    | 토네이도
                
                    | 2020년 03월
                 
            "
163,멋진 신세계,"12,420원","
올더스 헉슬리 저/안정효 역  
                
                
                    | 소담출판사
                
                    | 2015년 06월
                 
            "
164,4차 산업혁명 주식투자 인사이트,"14,850원","
장우진 저  
                
                
                    | 끌리는책
                
                    | 2020년 04월
                 
            "
165,시원스쿨 처음토익 LC + RC + VOCA,"13,410원","
시원스쿨어학연구소 저  
                
                
                    | 시원스쿨닷컴
                
                    | 2019년 12월
                 
            "
166,[예스리커버] 책과 노니는 집,"9,450원","
이영서 글/김동성 그림  
                
                
                    | 문학동네
                
                    | 2009년 01월
                 
            "
167,설민석의 세계사 대모험 1 ,"10,800원","
설민석,잼스토리 글/박성일 그림  
                
                
                    | 단꿈아이
                
                    | 2019년 04월
                 
            "
168,엄마 나는 자라고 있어요,"19,800원","
헤티 판 더 레이트,프란스 X. 프로에이,자 비에라 플라스-프로에이 저/유영미 역/김수연 감수  
                
                
                    | 북폴리오
                
                    | 2019년 12월
                 
            "
169,설민석의 한국사 대모험 3,"9,450원","
설민석 글  
                
                
                    | 아이휴먼
                
                    | 2017년 05월
                 
            "
170,100가지 숨은 미로 찾기,"6,300원","
베키 윌슨 저 / 김현좌 역  
                
                
                    | 노란우산
                
                    | 2015년 09월
                 
            "
171,하루 10분 또박또박 예쁜 글씨 (초등 저학년용),"9,900원","
유성영 저  
                
                
                    | 길벗
                
                    | 2020년 02월
                 
            "
172,[예약판매] 나는 한 달에 1kg만 빼기로 했다,"16,020원","
이지은 저  
                
                
                    | 북스고
                
                    | 2020년 04월
                 
            "
173,해빗 HABIT,"15,300원","
웬디 우드 저/김윤재 역  
                
                
                    | 다산북스
                
                    | 2019년 12월
                 
            "
174,미국적인 너무나 미국적인 영어회화 이디엄,"13,500원","
김아영 저  
                
                
                    | 사람in
                
                    | 2020년 01월
                 
            "
175,부의 인문학,"13,500원","
브라운스톤 저  
                
                
                    | 오픈마인드
                
                    | 2019년 10월
                 
            "
176,싱글맘 부동산 경매로 홀로서기,"14,400원","
이선미 저/송희창 감수  
                
                
                    | 지혜로
                
                    | 2020년 03월
                 
            "
177,2020 이동기 영어 실전동형 모의고사 Vol.2,"14,400원","
이동기 편저/이동기 영어교육연구소 감수  
                
                
                    | 에스티유니타스
                
                    | 2020년 03월
                 
            "
178,영단기 토익 RC,"5,310원","
정재현 저  
                
                
                    | 커넥츠영단기
                
                    | 2020년 03월
                 
            "
179,2020 해커스 GSAT 삼성직무적성검사 실전모의고사,"18,810원","
해커스 취업교육연구소 저  
                
                
                    | 챔프스터디
                
                    | 2020년 02월
                 
            "
180,신부 이야기 12,"7,200원","
모리 카오루 글그림  
                
                
                    | 대원
                
                    | 2020년 04월
                 
            "
181,아이의 두뇌는 부부의 대화 속에서 자란다,"13,050원","
아마노 히카리 저/김현영 역/시오미 도시유키 감수  
                
                
                    | 센시오
                
                    | 2020년 03월
                 
            "
182,코로나 경제 전쟁,"13,500원","
리처드 볼드윈,베아트리스 베더 디 마우로 편/매경출판 편역  
                
                
                    | 매일경제신문사
                
                    | 2020년 04월
                 
            "
183,2020 시나공 정보처리기사 실기,"29,700원","
강윤석,길벗알앤디 저  
                
                
                    | 길벗
                
                    | 2020년 02월
                 
            "
184,샬롯의 거미줄,"9,900원","
엘윈 브룩스 화이트 저/가스 윌리엄즈 그림/김화곤 역  
                
                
                    | 시공주니어
                
                    | 2000년 12월
                 
            "
185,42가지 마음의 색깔,"12,600원","
크리스티나 누녜스 페레이라,라파엘 R. 발카르셀 공저 / 가브리엘라 티에리 외 그림 / 남진희 역  
                
                
                    | 레드스톤
                
                    | 2015년 08월
                 
            "
186,쉼 없이 걸어 촛불을 만났다,"16,200원","
최민희 저  
                
                
                    | 21세기북스
                
                    | 2020년 03월
                 
            "
187,2020 단기합격 해커스 NCS 직업기초능력평가+직무수행능력평가,"17,820원","
김소원,김태형,복지훈,윤종혁,해커스 취업교육연구소 저  
                
                
                    | 해커스공기업
                
                    | 2020년 01월
                 
            "
188,2020 위포트 GSAT 삼성직무적성검사 실전 봉투 모의고사,"15,120원","
위포트 연구소 저  
                
                
                    | 위포트
                
                    | 2020년 02월
                 
            "
189,소설 보다 : 봄 2020,"3,150원","
김혜진,장류진,한정현 저  
                
                
                    | 문학과지성사
                
                    | 2020년 03월
                 
            "
190,잠든 사이 월급 버는 미국 배당주 투자,"17,100원","
소수몽키(홍승초),베가스풍류객(임성준),윤재홍 공저  
                
                
                    | 베가북스
                
                    | 2019년 01월
                 
            "
191,이미 어쩔 수 없는 힘듦이 내게 찾아왔다면,"12,150원","
글배우 저  
                
                
                    | 강한별
                
                    | 2020년 03월
                 
            "
192,읽으면서 바로 써먹는 어린이 속담,"10,800원","
한날 글그림  
                
                
                    | 파란정원
                
                    | 2017년 10월
                 
            "
193,우리의 불행은 당연하지 않습니다,"14,850원","
김누리 저  
                
                
                    | 해냄
                
                    | 2020년 03월
                 
            "
194,영단기 토익 LC,"5,310원","
유수연 저  
                
                
                    | 커넥츠영단기
                
                    | 2020년 03월
                 
            "
195,고수의 학습법,"13,500원","
한근태 저  
                
                
                    | 이지퍼블리싱
                
                    | 2020년 01월
                 
            "
196,기억 전달자,"9,900원","
로이스 로리 저  
                
                
                    | 비룡소
                
                    | 2007년 05월
                 
            "
197,신비아파트 고스트볼 더블X 6개의 예언 스티커 플러스 600,"5,200원","                
                편집부 저   
                
                
                    | 대원씨아이(단행)(대원키즈)
                
                    | 2020년 03월
                 
            "
198,세상에서 제일 재밌는 종이접기,"12,600원","
이원표 저  
                
                
                    | 슬로래빗
                
                    | 2018년 08월
                 
            "
199,바이러스 쇼크,"13,500원","
최강석 저  
                
                
                    | 매일경제신문사
                
                    | 2020년 02월
                 
            "
200,페스트,"12,600원","
알베르 까뮈 저  
                
                
                    | 문학동네
                
                    | 2015년 12월
                 
            "
201,2020 선재국어 나침판 실전 모의고사 vol.1,"18,900원","
이선재,선재국어연구소 편저  
                
                
                    | 에스티유니타스
                
                    | 2020년 02월
                 
            "
202,빨강 머리 앤,"15,120원","
루시 모드 몽고메리 저/박혜원 역  
                
                
                    | 더모던
                
                    | 2019년 05월
                 
            "
203,한글 12주 세트,"13,500원","
스티브 맥 그림  
                
                
                    | 삼성출판사
                
                    | 2016년 12월
                 
            "
204,프린들 주세요,"8,550원","
앤드루 클레먼츠 글/햇살과나무꾼 역  
                
                
                    | 사계절
                
                    | 2001년 12월
                 
            "
205,레이 달리오의 금융 위기 템플릿,"38,700원","
레이 달리오 저/송이루,이종호,임경은 역  
                
                
                    | 한빛비즈
                
                    | 2020년 02월
                 
            "
206,백년운동,"17,550원","
정선근 저  
                
                
                    | 아티잔
                
                    | 2019년 11월
                 
            "
207,지쳤거나 좋아하는 게 없거나,"12,150원","
글배우 저  
                
                
                    | 강한별
                
                    | 2019년 09월
                 
            "
208,"돈, 뜨겁게 사랑하고 차갑게 다루어라","10,800원","
앙드레 코스톨라니 저  
                
                
                    | 미래의창
                
                    | 2015년 09월
                 
            "
209,동물농장,"6,300원","
조지 오웰 저/도정일 역  
                
                
                    | 민음사
                
                    | 2001년 02월
                 
            "
210,바삭바삭 갈매기,"11,700원","
전민걸 글그림  
                
                
                    | 한림출판사
                
                    | 2014년 11월
                 
            "
211,마법천자문 47,"10,800원","
김현수 글/홍거북 그림/김창환 감수  
                
                
                    | 아울북
                
                    | 2020년 01월
                 
            "
212,미움받을 용기,"13,410원","
기시미 이치로,고가 후미타케 저  
                
                
                    | 인플루엔셜
                
                    | 2014년 11월
                 
            "
213,"2020 에듀윌 한국사능력검정시험 기본서 심화(1, 2, 3급)","19,800원","
에듀윌 한국사교육연구소 저  
                
                
                    | 에듀윌
                
                    | 2020년 03월
                 
            "
214,맨큐의 경제학,"42,000원","
그래고리 맨큐 저/김경환,김종석 역  
                
                
                    | 센게이지러닝(Cengage Learning)
                
                    | 2018년 03월
                 
            "
215,돈 일하게 하라,"13,500원","
박영옥(주식농부) 저  
                
                
                    | 프레너미
                
                    | 2015년 10월
                 
            "
216,이상한 수학책,"21,600원","
벤 올린 저/김성훈 역  
                
                
                    | 북라이프
                
                    | 2020년 03월
                 
            "
217,Go Go 카카오프렌즈 12,"10,800원","
김미영 글/김정한 그림  
                
                
                    | 아울북
                
                    | 2020년 01월
                 
            "
218,영어 회화의 결정적 단어들,"13,500원","
서영조 저  
                
                
                    | 사람in
                
                    | 2020년 03월
                 
            "
219,2020 위포트 NCS 직업기초능력평가+직무수행능력평가,"21,420원","
위포트 연구소 저  
                
                
                    | 위포트
                
                    | 2019년 12월
                 
            "
220,해커스 토익 스타트 Reading RC,"13,410원","
데이비드 조 저  
                
                
                    | 해커스어학연구소
                
                    | 2020년 01월
                 
            "
221,정재승의 인간탐구보고서 1,"12,600원","
정재은,이고은 글/김현민 그림/정재승 기획  
                
                
                    | 아울북
                
                    | 2019년 09월
                 
            "
222,혼돈의 시대 리더의 탄생,"24,120원","
도리스 컨스 굿윈 저/강주헌 역  
                
                
                    | 커넥팅(Connecting)
                
                    | 2020년 03월
                 
            "
223,방구석 미술관,"15,120원","
조원재 저  
                
                
                    | 블랙피쉬
                
                    | 2018년 08월
                 
            "
224,내향 육아,"14,400원","
이연진 저  
                
                
                    | 위즈덤하우스
                
                    | 2020년 03월
                 
            "
225,네이버 증권으로 배우는 주식투자 실전 가이드북,"16,200원","
알렉스 강 저  
                
                
                    | 스마트비즈니스
                
                    | 2020년 03월
                 
            "
226,필체를 바꾸면 인생이 바뀐다,"13,320원","
구본진 저  
                
                
                    | 쌤앤파커스
                
                    | 2020년 01월
                 
            "
227,동아 연세 초등 국어사전,"32,400원","
연세대학교 언어정보개발 연구원 편  
                
                
                    | 동아출판
                
                    | 2020년 01월
                 
            "
228,저는 주식투자가 처음인데요 : 기본편,"14,850원","
강병욱 저  
                
                
                    | 한빛비즈
                
                    | 2020년 01월
                 
            "
229,설민석의 한국사 대모험 10,"10,800원","
설민석,스토리박스 글/정현희 그림/태건 역사 연구소 감수  
                
                
                    | 아이휴먼
                
                    | 2019년 05월
                 
            "
230,[예약판매] 삼국지톡 1,"13,050원","
무적핑크(변지민) 글/이리 그림/YLAB 기획  
                
                
                    | 문학동네
                
                    | 2020년 04월
                 
            "
231,2020 이동기 영어 실전동형 모의고사 Vol.1,"14,400원","
이동기 저  
                
                
                    | 에스티유니타스
                
                    | 2020년 02월
                 
            "
232,임신 출산 육아 대백과,"16,650원","                
                편집부 저  
                
                
                    | 삼성출판사
                
                    | 2019년 07월
                 
            "
233,읽으면서 바로 써먹는 어린이 고사성어,"10,800원","
한날 글그림  
                
                
                    | 파란정원
                
                    | 2018년 12월
                 
            "
234,설민석의 한국사 대모험 4,"9,450원","
설민석,스토리박스 글/정현희 그림  
                
                
                    | 아이휴먼
                
                    | 2017년 09월
                 
            "
235,1984,"8,550원","
조지 오웰 저/정회성 역  
                
                
                    | 민음사
                
                    | 2003년 06월
                 
            "
236,맘마유의 친절한 이유식,"3,240원","
박상화,맹영주 공저  
                
                
                    | 경향비피
                
                    | 2014년 07월
                 
            "
237,심리학을 만나 행복해졌다,"14,220원","
장원청 저/김혜림 역  
                
                
                    | 미디어숲
                
                    | 2020년 03월
                 
            "
238,[예스리커버] 불량한 자전거 여행 2,"9,720원","
김남중 글/문인혜 그림  
                
                
                    | 창비
                
                    | 2019년 01월
                 
            "
239,대한민국 부동산 초보를 위한 아파트 투자의 정석,"14,400원","
제네시스박 저  
                
                
                    | 비즈니스북스
                
                    | 2020년 03월
                 
            "
240,12가지 인생의 법칙,"15,120원","
조던 B. 피터슨 저  
                
                
                    | 메이븐
                
                    | 2018년 10월
                 
            "
241,2020 해커스 GSAT 삼성직무적성검사 최신기출유형,"19,710원","
해커스 취업교육연구소 저  
                
                
                    | 챔프스터디
                
                    | 2020년 01월
                 
            "
242,김락희의 인체 드로잉,"31,500원","
김락희 저/윤관현 감수  
                
                
                    | 성안당
                
                    | 2019년 11월
                 
            "
243,빨강 연필,"9,000원","
신수현 글/김성희 그림  
                
                
                    | 비룡소
                
                    | 2011년 05월
                 
            "
244,아몬드,"9,000원","
손원평 저  
                
                
                    | 창비
                
                    | 2017년 03월
                 
            "
245,위저드 베이커리,"9,900원","
구병모 저  
                
                
                    | 창비
                
                    | 2009년 03월
                 
            "
246,"대한민국 부동산 지난 10년, 앞으로 10년","15,750원","
채상욱 저  
                
                
                    | 라이프런
                
                    | 2020년 03월
                 
            "
247,딸에게 보내는 심리학 편지 (10만 부 기념 스페셜 에디션),"14,400원","
한성희 저  
                
                
                    | 메이븐
                
                    | 2020년 01월
                 
            "
248,세계사를 한눈에 꿰뚫는 대단한 지리,"14,400원","
팀 마샬 저/그레이스 이스턴,제시카 스미스 그림/서남희 역  
                
                
                    | 비룡소
                
                    | 2020년 02월
                 
            "
249,보리 국어사전,"63,000원","
토박이 사전 편찬실 편/윤구병 감수  
                
                
                    | 보리
                
                    | 2020년 03월
                 
            "
250,신비아파트 고스트볼 더블X 6개의 예언 스티커 색칠놀이,"6,300원","                
                편집부 글  
                
                
                    | 서울문화사
                
                    | 2020년 03월
                 
            "
251,"아무튼, 메모","8,910원","
정혜윤 저  
                
                
                    | 위고
                
                    | 2020년 03월
                 
            "
252,내 이름은 삐삐 롱스타킹,"9,000원","
아스트리드 린드그렌 글/햇살과나무꾼 역  
                
                
                    | 시공주니어
                
                    | 2017년 05월
                 
            "
253,"안녕, 나의 순정","14,400원","
이영희 저  
                
                
                    | 놀
                
                    | 2020년 03월
                 
            "
254,꿈에서 맛본 똥파리,"9,900원","
백희나 저  
                
                
                    | 책읽는곰
                
                    | 2014년 07월
                 
            "
255,2020 고종훈 한국사 동형모의고사 시즌 2,"12,600원","
고종훈 저  
                
                
                    | 발해북스
                
                    | 2020년 03월
                 
            "
256,워런 버핏의 주주 서한,"19,800원","
워런 버핏 저/이건 역/신진오 감수  
                
                
                    | 서울문화사
                
                    | 2015년 09월
                 
            "
257,이방인,"8,100원","
알베르 까뮈 저/김화영 역  
                
                
                    | 민음사
                
                    | 2011년 03월
                 
            "
258,윤희에게 메이킹북,"25,200원","
박지수 저/서지형 사진/임대형 감독  
                
                
                    | 클
                
                    | 2020년 04월
                 
            "
259,배움의 발견,"16,200원","
타라 웨스트오버 저/김희정 역  
                
                
                    | 열린책들
                
                    | 2020년 01월
                 
            "
260,위험한 과학책,"19,800원","
랜들 먼로 저/이지연 역/이명현 감수  
                
                
                    | 시공사
                
                    | 2015년 04월
                 
            "
261,정재승의 인간탐구보고서 3,"12,600원","
정재은,이고은 글/김현민 그림/정재승 기획  
                
                
                    | 아울북
                
                    | 2020년 04월
                 
            "
262,미라클 모닝,"10,800원","
할 엘로드 저/김현수 역  
                
                
                    | 한빛비즈
                
                    | 2016년 02월
                 
            "
263,트렌드 코리아 2020,"16,200원","
김난도,전미영,최지혜,이향은,이준영,김서영,이수진,서유현,권정윤 저  
                
                
                    | 미래의창
                
                    | 2019년 10월
                 
            "
264,실컷 울고 나니 배고파졌어요,"11,700원","
전대진 저  
                
                
                    | 넥서스BOOKS
                
                    | 2020년 04월
                 
            "
265,지금 이대로 좋다 ,"13,320원","
법륜 저/박정은 그림  
                
                
                    | 정토출판
                
                    | 2019년 10월
                 
            "
266,Re : 제로부터 시작하는 이세계 생활 21,"6,300원","
나가츠키 탓페이 저/오츠카 신이치로 그림/정홍식 역  
                
                
                    | 영상출판미디어
                
                    | 2020년 04월
                 
            "
267,세상에서 제일 쉬운 그림 그리기,"11,520원","
원아영 저  
                
                
                    | 슬로래빗
                
                    | 2015년 08월
                 
            "
268,루팡의 딸,"13,500원","
요코제키 다이 저/최재호 역  
                
                
                    | 북플라자
                
                    | 2019년 09월
                 
            "
269,설민석의 한국사 대모험 9,"9,450원","
설민석,스토리박스 글/정현희 그림/태건 역사 연구소 감수  
                
                
                    | 아이휴먼
                
                    | 2019년 02월
                 
            "
270,90년생이 온다,"12,600원","
임홍택 저  
                
                
                    | 웨일북
                
                    | 2018년 11월
                 
            "
271,설민석의 한국사 대모험 5,"9,450원","
스토리박스,설민석 글/정현희 그림  
                
                
                    | 아이휴먼
                
                    | 2017년 12월
                 
            "
272,일의 기쁨과 슬픔,"12,600원","
장류진 저  
                
                
                    | 창비
                
                    | 2019년 10월
                 
            "
273,봉제인형 살인사건,"13,500원","
다니엘 콜 저/유혜인 역  
                
                
                    | 북플라자
                
                    | 2017년 10월
                 
            "
274,이정훈 교수의 기독교와 선거,"8,100원","
이정훈 저  
                
                
                    | PLI
                
                    | 2020년 03월
                 
            "
275,나도 손글씨 바르게 쓰면 소원이 없겠네,"10,800원","
유한빈 저  
                
                
                    | 한빛라이프
                
                    | 2019년 10월
                 
            "
276,CODE 코드,"22,500원","
찰스 펫졸드 저 / 김현규 역  
                
                
                    | 인사이트(insight)
                
                    | 2015년 01월
                 
            "
277,설민석의 한국사 대모험 8,"9,450원","
스토리박스,설민석 글/정현희 그림  
                
                
                    | 아이휴먼
                
                    | 2018년 10월
                 
            "
278,말 그릇 (리커버 에디션),"13,500원","
김윤나 저  
                
                
                    | 카시오페아
                
                    | 2017년 09월
                 
            "
279,침묵의 봄,"16,200원","
레이첼 카슨 저/홍욱희 감수  
                
                
                    | 에코리브르
                
                    | 2011년 12월
                 
            "
280,아빠와 딸의 주식 투자 레슨,"16,200원","
대니얼 타운,필 타운 저/김인정 역  
                
                
                    | 에프엔미디어
                
                    | 2020년 03월
                 
            "
281,라미의 잘 빠진 다이어트 레시피,"13,050원","
이보람 저  
                
                
                    | 길벗
                
                    | 2020년 03월
                 
            "
282,오늘도 펭수 내일도 펭수 (꽃눈 에디션),"15,300원","
EBS,펭수 저  
                
                
                    | 놀
                
                    | 2019년 12월
                 
            "
283,수상한 학원,"9,900원","
박현숙 글/장서영 그림  
                
                
                    | 북멘토
                
                    | 2016년 03월
                 
            "
284,당신의 어린 시절이 울고 있다,"12,420원","
다미 샤르프 저/서유리 역  
                
                
                    | 동양북스(동양books)
                
                    | 2020년 01월
                 
            "
285,백만장자 시크릿,"10,800원","
하브 에커 저/나선숙 역/편기욱 감수  
                
                
                    | 알에이치코리아(RHK)
                
                    | 2008년 07월
                 
            "
286,해커스 토익 스타트 Listening LC,"13,410원","
데이비드 조 저  
                
                
                    | 해커스어학연구소
                
                    | 2020년 01월
                 
            "
287,좀비고등학교 코믹스 17,"8,820원","
유대영 글/라임스튜디오 그림  
                
                
                    | 겜툰
                
                    | 2020년 03월
                 
            "
288,월급쟁이 재테크 상식사전,"15,750원","
우용표 저  
                
                
                    | 길벗
                
                    | 2019년 06월
                 
            "
289,소년이 온다,"10,800원","
한강 저  
                
                
                    | 창비
                
                    | 2014년 05월
                 
            "
290,2020 위포트 NCS 모듈형 직업기초능력평가 통합 기본서,"19,620원","
위포트연구소 저  
                
                
                    | 위포트
                
                    | 2020년 01월
                 
            "
291,집중력 놀이 세계 여행 속 미로 찾기,"7,650원","
샘 스미스 글 / 피츠 해먼드 그림  
                
                
                    | 어스본코리아
                
                    | 2018년 07월
                 
            "
292,나답게 살고 있습니다,"10,800원","
마스다 미리 글그림/박정임 역  
                
                
                    | 이봄
                
                    | 2020년 03월
                 
            "
293,수상한 도서관,"9,900원","
박현숙 글/장서영 그림  
                
                
                    | 북멘토
                
                    | 2019년 04월
                 
            "
294,철학은 어떻게 삶의 무기가 되는가,"14,400원","
야마구치 슈 저/김윤경 역  
                
                
                    | 다산초당
                
                    | 2019년 01월
                 
            "
295,수상한 아파트,"9,900원","
박현숙 글  
                
                
                    | 북멘토
                
                    | 2014년 04월
                 
            "
296,마음의 결,"12,420원","
태희 저  
                
                
                    | 피어오름
                
                    | 2019년 05월
                 
            "
297,넛지,"16,200원","
리처드 H. 탈러,캐스 R. 선스타인 저/안진환 역/최정규 감수  
                
                
                    | 리더스북
                
                    | 2018년 11월
                 
            "
298,경매 권리분석 이렇게 쉬웠어?,"16,200원","
박희철(파이팅팔콘) 저/송희창 감수  
                
                
                    | 지혜로
                
                    | 2019년 01월
                 
            "
299,난장이가 쏘아올린 작은 공,"9,900원","
조세희 저  
                
                
                    | 이성과 힘
                
                    | 2000년 07월
                 
            "
300,해커스 토익 실전 1000제 1 READING 문제집,"10,710원","
해커스 어학연구소 저  
                
                
                    | 해커스어학연구소
                
                    | 2018년 07월
                 
            "
301,혼자 공부하는 파이썬,"16,200원","
윤인성 저  
                
                
                    | 한빛미디어
                
                    | 2019년 06월
                 
            "
302,우리는 언제나 다시 만나,"10,800원","
윤여림 글/안녕달 그림  
                
                
                    | 위즈덤하우스
                
                    | 2017년 07월
                 
            "
303,야생의 위로,"17,010원","
에마 미첼 저/신소희 역  
                
                
                    | 심심
                
                    | 2020년 03월
                 
            "
304,프리드먼은 왜 헬리콥터로 돈을 뿌리자고 했을까,"11,610원","
프란시스 코폴라 저/유승경 역/최인호 감수  
                
                
                    | 미래를소유한사람들
                
                    | 2020년 04월
                 
            "
305,2020 에듀윌 공기업 NCS 통합 봉투모의고사 4회 PSAT형+모듈형,"12,600원","
에듀윌 공기업취업연구소 편저  
                
                
                    | 에듀윌
                
                    | 2020년 01월
                 
            "
306,2020 시나공 총정리 컴퓨터활용능력 2급 필기,"12,600원","
길벗알앤디 저  
                
                
                    | 길벗
                
                    | 2019년 09월
                 
            "
307,왜 세계의 절반은 굶주리는가?,"9,720원","
장 지글러 저/유영미 역  
                
                
                    | 갈라파고스
                
                    | 2016년 03월
                 
            "
308,오래된 비밀,"13,050원","
이서윤 저  
                
                
                    | 이다미디어
                
                    | 2013년 02월
                 
            "
309,술술 읽히는 쉬운 영문법,"13,500원","
서메리 글그림  
                
                
                    | YBM(와이비엠)
                
                    | 2020년 04월
                 
            "
310,자존감 수업,"12,600원","
윤홍균 저  
                
                
                    | 심플라이프
                
                    | 2016년 08월
                 
            "
311,오십부터는 우아하게 살아야 한다,"12,600원","
요시모토 유미 저/김한나 역  
                
                
                    | 유노북스
                
                    | 2020년 03월
                 
            "
312,2020 전한길 한국사 합격생 필기노트,"12,600원","
전한길 편저  
                
                
                    | 에스티유니타스
                
                    | 2019년 07월
                 
            "
313,맨큐의 경제학 연습문제풀이,"13,000원","
N.Gregory Mankiw 저 / 김경환.김종석 역  
                
                
                    | 한티미디어
                
                    | 2018년 09월
                 
            "
314,어제가 없으면 내일도 없다,"15,120원","
미야베 미유키 저  
                
                
                    | 북스피어
                
                    | 2020년 04월
                 
            "
315,코딩과학동화 팜 2,"10,800원","
홍지연 글/지문 그림  
                
                
                    | 길벗
                
                    | 2020년 04월
                 
            "
316,설민석의 한국사 대모험 6,"9,450원","
스토리박스,설민석 글/정현희 그림  
                
                
                    | 아이휴먼
                
                    | 2018년 04월
                 
            "
317,어둠의 눈,"14,400원","
딘 쿤츠 저/심연희 역  
                
                
                    | 다산책방
                
                    | 2020년 04월
                 
            "
318,2020 시나공 정보처리기사 필기,"27,900원","
길벗알앤디 저  
                
                
                    | 길벗
                
                    | 2019년 11월
                 
            "
319,사람사전,"13,320원","
정철 저  
                
                
                    | 허밍버드
                
                    | 2020년 02월
                 
            "
320,아낌없이 주는 나무,"9,000원","
셸 실버스타인 글그림  
                
                
                    | 시공주니어
                
                    | 2000년 11월
                 
            "
321,역사의 쓸모,"13,500원","
최태성 저  
                
                
                    | 다산초당
                
                    | 2019년 06월
                 
            "
322,한국을 빛낸 100명의 위인들,"10,800원","
려하(권영아) 그림  
                
                
                    | M&Kids
                
                    | 2015년 09월
                 
            "
323,시를 잊은 그대에게 (리커버 에디션),"13,500원","
정재찬 저  
                
                
                    | 휴머니스트
                
                    | 2020년 03월
                 
            "
324,2020 선재국어 한 권으로 정리하는 마무리,"19,800원","
이선재,선재국어연구소 편저  
                
                
                    | 에스티유니타스
                
                    | 2019년 11월
                 
            "
325,틀려도 괜찮아,"9,900원","
마키타 신지 글/하세가와 토모코 그림/유문조 역  
                
                
                    | 토토북
                
                    | 2006년 02월
                 
            "
326,내가 죽으면 장례식에 누가 와줄까,"13,500원","
김상현 저  
                
                
                    | 필름
                
                    | 2020년 01월
                 
            "
327,[예약판매] 2020 두산베어스 뎁스차트,"15,120원","
나유리 저  
                
                
                    | 브레인스토어(BRAINstore)
                
                    | 2020년 04월
                 
            "
328,해리포터와 마법사의 돌 1,"8,100원","
J.K. 롤링 저/강동혁 역  
                
                
                    | 문학수첩
                
                    | 2019년 11월
                 
            "
329,세계를 건너 너에게 갈게,"10,350원","
이꽃님 저  
                
                
                    | 문학동네
                
                    | 2018년 02월
                 
            "
330,신문 읽는 소크라테스 2,"13,500원","
박인호 저  
                
                
                    | 도서출판 이락
                
                    | 2020년 03월
                 
            "
331,직장인을 위한 실무 엑셀,"18,900원","
선양미 저  
                
                
                    | 길벗
                
                    | 2019년 03월
                 
            "
332,백년 허리,"15,750원","
정선근 저  
                
                
                    | 사이언스북스
                
                    | 2015년 12월
                 
            "
333,10대를 위한 JUSTICE 정의란 무엇인가,"10,800원","
마이클 샌델 원저/신현주 글/김선욱 감수  
                
                
                    | 미래엔아이세움
                
                    | 2014년 11월
                 
            "
334,설민석의 한국사 대모험 7,"9,450원","
스토리박스,설민석 글/정현희 그림  
                
                
                    | 아이휴먼
                
                    | 2018년 07월
                 
            "
335,영재의 탄생 초등입학준비,"8,820원","                
                편집부 저  
                
                
                    | 삼성출판사
                
                    | 2013년 05월
                 
            "
336,귀멸의 칼날 16,"4,500원","
고토게 코요하루 글그림  
                
                
                    | 학산문화사
                
                    | 2020년 03월
                 
            "
337,오로르,"13,500원","
더글라스 케네디 저/조안 스파르 그림/조동섭 역  
                
                
                    | 밝은세상
                
                    | 2020년 02월
                 
            "
338,수상한 편의점,"9,900원","
박현숙 글/장서영 그림  
                
                
                    | 북멘토
                
                    | 2018년 04월
                 
            "
339,부동산 투자로 진짜 인생이 시작됐다,"16,200원","
앨리스허 저  
                
                
                    | 알에이치코리아(RHK)
                
                    | 2020년 03월
                 
            "
340,2020 이동기 영어 기적의 특강,"12,600원","
이동기 저  
                
                
                    | 에스티유니타스
                
                    | 2020년 02월
                 
            "
341,삐약이 엄마,"10,800원","
백희나 저  
                
                
                    | 책읽는곰
                
                    | 2014년 12월
                 
            "
342,나에게 시간을 주기로 했다,"12,420원","
오리여인 저  
                
                
                    | 수오서재
                
                    | 2020년 04월
                 
            "
343,화내지 말고 예쁘게 말해요,"8,550원","
안미연 글/서희정 그림  
                
                
                    | 상상스쿨
                
                    | 2008년 12월
                 
            "
344,"으악, 도깨비다!","11,700원","
유애로 그림  
                
                
                    | 느림보
                
                    | 2002년 08월
                 
            "
345,2020 고종훈 한국사 동형모의고사 시즌 1,"12,600원","
고종훈 저  
                
                
                    | 발해북스
                
                    | 2020년 01월
                 
            "
346,수박 수영장,"10,800원","
안녕달 글그림  
                
                
                    | 창비
                
                    | 2015년 07월
                 
            "
347,나는 예수입니다,"14,400원","
김용옥 저  
                
                
                    | 통나무
                
                    | 2020년 03월
                 
            "
348,해커스 토익 실전 1000제 1 LISTENING 문제집,"10,710원","
해커스 어학연구소 저  
                
                
                    | 해커스어학연구소
                
                    | 2018년 06월
                 
            "
349,돈의 철학,"16,200원","
임석민 저  
                
                
                    | 다산북스
                
                    | 2020년 03월
                 
            "
350,영재의 탄생 만 4세,"8,820원","                
                편집부 저  
                
                
                    | 삼성출판사
                
                    | 2012년 06월
                 
            "
351,설민석의 무도 한국사 특강,"19,800원","
설민석 저  
                
                
                    | 휴먼큐브
                
                    | 2017년 11월
                 
            "
352,어쩌다 중학생 같은 걸 하고 있을까,"9,000원","
쿠로노 신이치 저/장은선 역  
                
                
                    | 뜨인돌
                
                    | 2012년 01월
                 
            "
353,한국문학 명작선 세트 (전4권),"54,000원","
이문열,김소진,이효석 저  
                
                
                    | 한우리북스
                
                    | 2008년 02월
                 
            "
354,다이어트 불변의 법칙,"11,700원","
하비 다이아몬드 저 / 강신원 역 / 이의철 감수  
                
                
                    | 사이몬북스
                
                    | 2016년 05월
                 
            "
355,나는 3학년 2반 7번 애벌레,"8,100원","
이주희 그림  
                
                
                    | 창비
                
                    | 2016년 03월
                 
            "
356,신기한 종이 오리기,"7,920원","
이시카와 마리코 저 / 전지현 역  
                
                
                    | 길벗스쿨
                
                    | 2016년 01월
                 
            "
357,줌달의 일반화학,"53,000원","
줌달 저  
                
                
                    | Cengage Learning
                
                    | 2019년 02월
                 
            "
358,데일 카네기 인간관계론 & 자기관리론,"11,520원","
데일 카네기 저/이문필 역  
                
                
                    | 베이직북스
                
                    | 2020년 02월
                 
            "
359,한 권으로 끝내는 종이접기 ,"11,520원","
주부의벗사 편저/김정화 역  
                
                
                    | 길벗스쿨
                
                    | 2019년 12월
                 
            "
360,식탁 위의 세계사,"11,520원","
이영숙 저  
                
                
                    | 창비
                
                    | 2012년 05월
                 
            "
361,ETS 토익 정기시험 기출문제집 1000 READING 리딩,"16,020원","
ETS 저  
                
                
                    | YBM(와이비엠)
                
                    | 2018년 12월
                 
            "
362,카네기 인간관계론,"10,800원","
데일 카네기 저/최염순 역  
                
                
                    | 씨앗을뿌리는사람
                
                    | 2004년 11월
                 
            "
363,그리스 로마 신화 15,"10,800원","
박시연 글/최우빈 그림/김헌 감수  
                
                
                    | 아울북
                
                    | 2020년 02월
                 
            "
364,마틸다,"10,350원","
로알드 달 저/퀸틴 블레이크 그림/김난령 역  
                
                
                    | 시공주니어
                
                    | 2018년 09월
                 
            "
365,2020 위포트 코레일 한국철도공사 NCS 실전 봉투 모의고사,"12,420원","
위포트 연구소 저  
                
                
                    | 위포트
                
                    | 2019년 12월
                 
            "
366,파이썬 for Beginner,"23,000원","
우재남 저  
                
                
                    | 한빛아카데미
                
                    | 2020년 01월
                 
            "
367,스틸니스,"14,400원","
라이언 홀리데이 저/김보람 역  
                
                
                    | 흐름출판
                
                    | 2020년 03월
                 
            "
368,"공부, 이래도 안되면 포기하세요","13,500원","
이지훈 저  
                
                
                    | 위즈덤하우스
                
                    | 2020년 02월
                 
            "
369,못 참는 아이 욱하는 부모,"15,120원","
오은영 저  
                
                
                    | 코리아닷컴(Korea.com)
                
                    | 2016년 04월
                 
            "
370,화요일의 두꺼비,"8,100원","
러셀 에릭슨 글 / 김종도 그림 / 햇살과나무꾼 역  
                
                
                    | 사계절
                
                    | 2014년 04월
                 
            "
371,하루 한마디 인문학 질문의 기적,"14,400원","
김종원 저  
                
                
                    | 다산북스
                
                    | 2020년 04월
                 
            "
372,5일의 기적 당독소 다이어트,"13,050원","
박명규,김혜연 저  
                
                
                    | 라온북
                
                    | 2020년 04월
                 
            "
373,대한민국 대표 과자 도전! 진짜 과자 접기,"7,200원","                
                편집부 글그림  
                
                
                    | 애플비북스
                
                    | 2019년 07월
                 
            "
374,2020 위포트 GSAT 삼성직무적성검사 통합 기본서 최신기출유형+실전 모의고사,"20,520원","
위포트 연구소 저  
                
                
                    | 위포트
                
                    | 2020년 01월
                 
            "
375,송사무장의 부동산 경매의 기술,"14,400원","
송희창 저  
                
                
                    | 지혜로
                
                    | 2017년 04월
                 
            "
376,Go Go 카카오프렌즈 11,"10,800원","
김미영 글/김정한 그림  
                
                
                    | 아울북
                
                    | 2019년 11월
                 
            "
377,C언어 Express,"30,000원","
천인국 저  
                
                
                    | 생능출판사
                
                    | 2018년 08월
                 
            "
378,밥 먹고 갈래요? 1,"11,700원","
오묘 글그림  
                
                
                    | 재미주의
                
                    | 2017년 03월
                 
            "
379,수학도둑 75 ,"9,450원","
송도수 글/서정엔터테인먼트 그림  
                
                
                    | 서울문화사
                
                    | 2020년 03월
                 
            "
380,꽃들에게 희망을,"8,550원","
트리나 폴러스 저/김석희 역  
                
                
                    | 시공주니어
                
                    | 1999년 09월
                 
            "
381,포노 사피엔스,"15,120원","
최재붕 저  
                
                
                    | 쌤앤파커스
                
                    | 2019년 03월
                 
            "
382,영재의 탄생 만 3세,"8,820원","                
                편집부 저  
                
                
                    | 삼성출판사
                
                    | 2012년 06월
                 
            "
383,나는 무조건 합격하는 공부만 한다,"13,500원","
이윤규 저  
                
                
                    | 비즈니스북스
                
                    | 2019년 12월
                 
            "
384,"초등공부, 독서로 시작해 글쓰기로 끝내라","15,120원","
김성효 저  
                
                
                    | 해냄
                
                    | 2019년 08월
                 
            "
385,칼 비테 교육법,"15,300원","
칼 비테 저/김일형 역  
                
                
                    | 차이정원
                
                    | 2017년 07월
                 
            "
386,초정리 편지,"9,720원","
배유안 글/홍선주 그림  
                
                
                    | 창비
                
                    | 2013년 02월
                 
            "
387,ETS 토익 정기시험 기출문제집 1000 LISTENING 리스닝,"16,020원","
ETS 저  
                
                
                    | YBM(와이비엠)
                
                    | 2018년 12월
                 
            "
388,나를 사랑하는 연습,"12,600원","
정영욱 저  
                
                
                    | 부크럼
                
                    | 2020년 01월
                 
            "
389,읽으면서 바로 써먹는 어린이 관용구,"10,800원","
한날 글그림  
                
                
                    | 파란정원
                
                    | 2018년 07월
                 
            "
390,영재의 탄생 만 5세,"8,820원","                
                편집부 저  
                
                
                    | 삼성출판사
                
                    | 2012년 06월
                 
            "
391,2020 선재국어 국가직 대비 실전형 봉투 모의고사,"10,350원","
이선재,선재국어연구소 편저  
                
                
                    | 에스티유니타스
                
                    | 2020년 03월
                 
            "
392,2020 전한길 한국사 3.0 기출문제집 세트,"35,100원","
전한길 저  
                
                
                    | 에스티유니타스
                
                    | 2019년 09월
                 
            "
393,어린이 훈민정음 2-1,"7,200원","
성정일 저  
                
                
                    | 시서례
                
                    | 2017년 03월
                 
            "
394,호밀밭의 파수꾼,"7,200원","
제롬 데이비드 샐린저 저  
                
                
                    | 문예출판사
                
                    | 1998년 08월
                 
            "
395,아홉 살 느낌 사전,"10,800원","
박성우 글/김효은 그림  
                
                
                    | 창비
                
                    | 2019년 03월
                 
            "
396,2020 민준호 사회 동형 모의고사 season 2,"12,600원","
민준호 저  
                
                
                    | 호인북스
                
                    | 2020년 03월
                 
            "
397,구덩이 HOLES,"10,800원","
루이스 쌔커 저/김영선 역  
                
                
                    | 창비
                
                    | 2007년 08월
                 
            "
398,ETF 투자 무작정 따라하기,"14,400원","
윤재수 저  
                
                
                    | 길벗
                
                    | 2020년 02월
                 
            "
399,2020 시나공 총정리 컴퓨터활용능력 1급 필기,"17,100원","
길벗알앤디 저  
                
                
                    | 길벗
                
                    | 2019년 09월
                 
            "
400,돌이킬 수 없는 약속,"13,500원","
야쿠마루 가쿠 저/김성미 역  
                
                
                    | 북플라자
                
                    | 2017년 02월
                 
            "
